model,feature_set,matches,accuracy,log_loss,brier,rps,predicted_draw_%,rps_change,rps_change_low,rps_change_high
Logistic regression,Base (49 features),3040,0.5384868421052632,0.9770124018281725,0.5798520803860124,0.2015270670186928,0.5592105263157895,,,
Gradient boosting,Base (49 features),3040,0.5365131578947369,0.9810904603151973,0.5826406915282342,0.20269340002392697,0.3618421052631579,,,
Poisson goals model,Base (49 features),3040,0.5388157894736842,0.9709613814452568,0.5766091214250989,0.2006783788875427,0.0,,,
Ensemble (LR + GB + Poisson),Base (49 features),3040,0.5384868421052632,0.9738285903789661,0.5782311384192985,0.20111366678601156,0.0,,,
Logistic regression,+ fatigue,3040,0.5345394736842105,0.9796267293757822,0.5812591812833156,0.2021369400578004,0.888157894736842,0.0006098730391076342,-3.2054147926947637e-05,0.001312835569485431
Gradient boosting,+ fatigue,3040,0.5342105263157895,0.9821083736303743,0.5831494269623607,0.20291179239596657,0.4276315789473685,0.00021839237203959456,-0.00010507659880234634,0.0005425554424793026
Poisson goals model,+ fatigue,3040,0.5351973684210526,0.9725372552208572,0.577547988239346,0.20112789326387367,0.0,0.0004495143763309869,-0.00012202789804338097,0.0010956171417922077
Ensemble (LR + GB + Poisson),+ fatigue,3040,0.5361842105263158,0.9752538980586355,0.5790199260108541,0.20147805107912625,0.0,0.00036438429311470963,-0.00010957969866728635,0.0008738842914273435
Logistic regression,+ players,3040,0.5398026315789474,0.9790907419964424,0.5797462831330294,0.20142582350202487,1.0526315789473684,-0.00010124351666789755,-0.0013026028167441959,0.0010589498451049218
Gradient boosting,+ players,3040,0.531578947368421,0.9806761625613238,0.5814845412190178,0.20216938345761776,0.5921052631578948,-0.0005240165663092004,-0.00129911755420402,0.00026881896941522565
Poisson goals model,+ players,3040,0.5440789473684211,0.9681563736463685,0.5748655790901405,0.19984265513958138,0.0,-0.0008357237479613217,-0.0017704376361730699,8.374284575195905e-05
Ensemble (LR + GB + Poisson),+ players,3040,0.5398026315789474,0.9719345806296482,0.576493120611308,0.2003292760073229,0.06578947368421052,-0.000784390778688631,-0.0016771336170132364,5.649358808650168e-06
Logistic regression,+ everything,3040,0.5391447368421053,0.9817539439296498,0.5809346850645885,0.2019232815125719,1.348684210526316,0.00039621449387911944,-0.0009535319000198554,0.0017409030240933695
Gradient boosting,+ everything,3040,0.5302631578947369,0.9813269537307007,0.5818276320073873,0.20230754920323454,0.5592105263157895,-0.0003858508206924239,-0.0011635391207511295,0.00042102449267462114
Poisson goals model,+ everything,3040,0.5421052631578948,0.9696362702034973,0.5756468834345243,0.20021593732306198,0.0,-0.0004624415644807404,-0.0015644198825021092,0.000616683008573322
Ensemble (LR + GB + Poisson),+ everything,3040,0.5404605263157894,0.9731950502162247,0.5771130714897312,0.20061033453312074,0.03289473684210526,-0.000503332252890812,-0.0014862756664809603,0.0004452730920017807
"Bookmaker (Bet365, benchmark)",Bookmaker,3040,0.5493421052631579,0.9587283293010505,0.5681061747459607,0.1965696666501155,0.0,,,
