model,season_label,matches,accuracy,log_loss,brier,rps,predicted_draw_%
Baseline: home-win rate,2014-15,380,0.45263157894736844,1.0665852451725644,0.644604730449606,0.22981308085692273,0.0
Elo only (logistic regression),2014-15,380,0.5236842105263158,0.9888656829154823,0.5858848531791614,0.20217317939966647,0.0
Logistic regression,2014-15,380,0.5342105263157895,0.9920749361048251,0.5873862597352616,0.20196311650864238,0.2631578947368421
Random forest,2014-15,380,0.5289473684210526,0.9896201752629161,0.5859816498807848,0.20219582521604196,0.0
Gradient boosting,2014-15,380,0.5210526315789473,0.9919488719536919,0.5854520295371708,0.20241218237816203,0.0
Poisson goals model,2014-15,380,0.531578947368421,0.9812236360728548,0.5817312467068194,0.200149986020626,0.0
Ensemble (LR + GB + Poisson),2014-15,380,0.531578947368421,0.9848777670160362,0.5829259634425775,0.20079738742960554,0.0
"Bookmaker (Bet365, benchmark)",2014-15,380,0.5368421052631579,0.9708414326491146,0.5743044590096702,0.1969329309728893,0.0
Baseline: home-win rate,2015-16,380,0.4131578947368421,1.0897661490645656,0.6608948357736447,0.22896485810390638,0.0
Elo only (logistic regression),2015-16,380,0.4605263157894737,1.0498687418771695,0.6301873662915668,0.2149951741139906,0.0
Logistic regression,2015-16,380,0.45526315789473687,1.0432577306049287,0.6259442697335232,0.2119881229912312,0.5263157894736842
Random forest,2015-16,380,0.45263157894736844,1.0381670985292317,0.6226445544591372,0.2111721781791763,0.0
Gradient boosting,2015-16,380,0.46578947368421053,1.0464030221937353,0.6268782141006047,0.21162936988617567,0.7894736842105263
Poisson goals model,2015-16,380,0.45789473684210524,1.0356194954698223,0.6212496055760557,0.210144712511893,0.0
Ensemble (LR + GB + Poisson),2015-16,380,0.4473684210526316,1.0386865496806885,0.6230048460335714,0.21064331990557186,0.0
"Bookmaker (Bet365, benchmark)",2015-16,380,0.47368421052631576,1.0352389356424196,0.6203956167898063,0.2098221099353308,0.0
Baseline: home-win rate,2016-17,380,0.4921052631578947,1.0445265228544673,0.6289653431825177,0.22772907048322563,0.0
Elo only (logistic regression),2016-17,380,0.5894736842105263,0.9270225995648954,0.5473731473554918,0.18734955448745277,0.0
Logistic regression,2016-17,380,0.5973684210526315,0.9226739751870552,0.5437769016957965,0.1857928429535008,0.7894736842105263
Random forest,2016-17,380,0.6026315789473684,0.9189601638747317,0.5410340518822989,0.18489544863293694,0.2631578947368421
Gradient boosting,2016-17,380,0.5789473684210527,0.9165766081111363,0.5423346876003099,0.18573576183201745,1.3157894736842104
Poisson goals model,2016-17,380,0.5894736842105263,0.9256683709380175,0.5455939814423078,0.1870533102378332,0.0
Ensemble (LR + GB + Poisson),2016-17,380,0.5868421052631579,0.9190628593223045,0.5422549747565208,0.18561560588596135,0.0
"Bookmaker (Bet365, benchmark)",2016-17,380,0.6105263157894737,0.9065197975628163,0.5322204965782524,0.18095142769313916,0.0
Baseline: home-win rate,2017-18,380,0.45526315789473687,1.0663560242684678,0.6441944576696675,0.22575632195723686,0.0
Elo only (logistic regression),2017-18,380,0.5421052631578948,0.9683859456047059,0.5751457125206578,0.19288779692855215,0.0
Logistic regression,2017-18,380,0.531578947368421,0.9607723394225599,0.5706716547443673,0.18973106384593166,1.0526315789473684
Random forest,2017-18,380,0.5473684210526316,0.9582436712022229,0.5701322841075093,0.19040981139533814,0.2631578947368421
Gradient boosting,2017-18,380,0.5473684210526316,0.9641442541040132,0.5728959990552642,0.19043729243849888,1.3157894736842104
Poisson goals model,2017-18,380,0.5421052631578948,0.9576413229199024,0.5688692693068643,0.18925330509374963,0.0
Ensemble (LR + GB + Poisson),2017-18,380,0.5447368421052632,0.9582023112566316,0.5691845181910943,0.18925430306937016,0.0
"Bookmaker (Bet365, benchmark)",2017-18,380,0.5526315789473685,0.9454629313685371,0.5599503259342148,0.18618605605096222,0.0
Baseline: home-win rate,2018-19,380,0.4763157894736842,1.0487059131135177,0.6326976200289467,0.23803141983532863,0.0
Elo only (logistic regression),2018-19,380,0.5973684210526315,0.9116620995624473,0.5335370806847806,0.19034533248901944,0.0
Logistic regression,2018-19,380,0.5763157894736842,0.9004048967201889,0.5267185070114779,0.187174916247114,1.3157894736842104
Random forest,2018-19,380,0.5815789473684211,0.9198409716531161,0.5390014822826379,0.19329073061161212,0.0
Gradient boosting,2018-19,380,0.5657894736842105,0.914480833577908,0.5378269770698131,0.19275637266070342,0.2631578947368421
Poisson goals model,2018-19,380,0.5736842105263158,0.8980016909001557,0.5255886870115225,0.1876019429043104,0.0
Ensemble (LR + GB + Poisson),2018-19,380,0.5631578947368421,0.9021157184705544,0.5284637227722397,0.18861856747254577,0.2631578947368421
"Bookmaker (Bet365, benchmark)",2018-19,380,0.5868421052631579,0.8929010772547757,0.5221065563722176,0.18568416590302295,0.0
Baseline: home-win rate,2019-20,380,0.45263157894736844,1.0654670635579082,0.6439721196265517,0.23019575467665265,0.0
Elo only (logistic regression),2019-20,380,0.5131578947368421,0.9823044454888288,0.5846224237021095,0.20200122918467872,0.0
Logistic regression,2019-20,380,0.5368421052631579,0.979545645903841,0.580564902150469,0.20001346548098778,0.2631578947368421
Random forest,2019-20,380,0.5210526315789473,0.9794807100973284,0.5814120139023587,0.2006107484795231,0.0
Gradient boosting,2019-20,380,0.531578947368421,0.977249470201392,0.5799856498397384,0.19969834134713554,0.2631578947368421
Poisson goals model,2019-20,380,0.5368421052631579,0.9739252527267581,0.577495011335619,0.1992736467145764,0.0
Ensemble (LR + GB + Poisson),2019-20,380,0.5394736842105263,0.974462339310042,0.5778857932757093,0.19915672092548253,0.0
"Bookmaker (Bet365, benchmark)",2019-20,380,0.531578947368421,0.972590468932399,0.5750337075467311,0.19871482763862006,0.0
Baseline: home-win rate,2020-21,380,0.37894736842105264,1.0979568628818863,0.6684595729007605,0.24833891890025403,0.0
Elo only (logistic regression),2020-21,380,0.5210526315789473,1.0445259424315592,0.6178687624810855,0.2234805707862733,0.0
Logistic regression,2020-21,380,0.5,1.0352713822439261,0.6118973988618025,0.22002241618764545,0.5263157894736842
Random forest,2020-21,380,0.48947368421052634,1.0347885568226385,0.6148272440428085,0.22142185872977269,0.0
Gradient boosting,2020-21,380,0.5105263157894737,1.0332239253053805,0.6114340246316285,0.22045235548351702,0.2631578947368421
Poisson goals model,2020-21,380,0.5052631578947369,1.0231295966868006,0.6079712974126031,0.21884110708462878,0.0
Ensemble (LR + GB + Poisson),2020-21,380,0.5026315789473684,1.0275215559400435,0.6088698849629033,0.21921761342938367,0.0
"Bookmaker (Bet365, benchmark)",2020-21,380,0.5157894736842106,1.0042126936570532,0.5968203053694806,0.213146939952863,0.0
Baseline: home-win rate,2021-22,380,0.42894736842105263,1.0740100498507836,0.6506676246537395,0.23619863227146815,0.0
Elo only (logistic regression),2021-22,380,0.5421052631578948,0.9555954871489547,0.566117316086403,0.19533921897416262,0.0
Logistic regression,2021-22,380,0.5736842105263158,0.9566112298330973,0.5671097901308523,0.19495602863961056,0.7894736842105263
Random forest,2021-22,380,0.5631578947368421,0.9648863112356776,0.5718556440024686,0.1977903123654857,0.2631578947368421
Gradient boosting,2021-22,380,0.5552631578947368,0.9692049875617167,0.5725108015866641,0.19757379473480857,0.7894736842105263
Poisson goals model,2021-22,380,0.5789473684210527,0.9527371063302171,0.564939374027717,0.19473891430126877,0.0
Ensemble (LR + GB + Poisson),2021-22,380,0.5684210526315789,0.9570731084762198,0.5668970394910332,0.1953266955945469,0.0
"Bookmaker (Bet365, benchmark)",2021-22,380,0.5789473684210527,0.9359714254015705,0.5536859603003608,0.1889705971922457,0.0
Baseline: home-win rate,2022-23,380,0.4842105263157895,1.0485483695386024,0.6319852262234535,0.22753384086783374,0.0
Elo only (logistic regression),2022-23,380,0.5447368421052632,0.9912568941745591,0.5895145768956236,0.2068481101709541,0.0
Logistic regression,2022-23,380,0.5421052631578948,0.9830619806626382,0.585129439653943,0.20570581506793156,0.5263157894736842
Random forest,2022-23,380,0.5421052631578948,0.973297078309772,0.5780491336881957,0.2009526419513883,0.0
Gradient boosting,2022-23,380,0.5526315789473685,0.976351538193811,0.5813201229368528,0.20296180561286115,0.5263157894736842
Poisson goals model,2022-23,380,0.5421052631578948,0.9793390197980344,0.5825899632399936,0.20351883033509321,0.0
Ensemble (LR + GB + Poisson),2022-23,380,0.5368421052631579,0.9773408105373906,0.5817919255588128,0.20365266992942174,0.0
"Bookmaker (Bet365, benchmark)",2022-23,380,0.5605263157894737,0.9658011480552079,0.5736740356570778,0.19911908193439273,0.0
Baseline: home-win rate,2023-24,380,0.4605263157894737,1.0567657577134453,0.6385176335248733,0.23413661689292825,0.0
Elo only (logistic regression),2023-24,380,0.5763157894736842,0.9279693954895365,0.5466488707068935,0.18971879958954832,0.0
Logistic regression,2023-24,380,0.5710526315789474,0.9261063210215355,0.5442304971980222,0.1876512048234396,0.2631578947368421
Random forest,2023-24,380,0.5868421052631579,0.9280053153824069,0.546543151980049,0.189519574834266,0.0
Gradient boosting,2023-24,380,0.5842105263157895,0.9265193524977426,0.5453553823091221,0.18829572012228155,0.2631578947368421
Poisson goals model,2023-24,380,0.5763157894736842,0.9204410798482754,0.5412498310992621,0.1873390840482151,0.0
Ensemble (LR + GB + Poisson),2023-24,380,0.5868421052631579,0.922259309536245,0.5421213980882125,0.18720808647007917,0.0
"Bookmaker (Bet365, benchmark)",2023-24,380,0.5894736842105263,0.9092502625018827,0.5331180210631138,0.18379008384450132,0.0
Baseline: home-win rate,2024-25,380,0.40789473684210525,1.0849552740105175,0.658437626002126,0.23679716995952219,0.0
Elo only (logistic regression),2024-25,380,0.5210526315789473,0.987477037291088,0.5907526425760823,0.2031797586666938,0.0
Logistic regression,2024-25,380,0.5184210526315789,0.9875233309623679,0.5920084570702974,0.20290770348816897,0.0
Random forest,2024-25,380,0.5157894736842106,0.989467514883368,0.5912997213167079,0.20252214757629056,0.0
Gradient boosting,2024-25,380,0.5157894736842106,0.9950536343088683,0.5950373571230476,0.20293361339611324,0.2631578947368421
Poisson goals model,2024-25,380,0.5236842105263158,0.9827774674052744,0.5878166356528131,0.2016227654957492,0.0
Ensemble (LR + GB + Poisson),2024-25,380,0.5210526315789473,0.9863825334171129,0.5903852298197892,0.20203489286551332,0.0
"Bookmaker (Bet365, benchmark)",2024-25,380,0.5421052631578948,0.9705521250110708,0.5788986039373659,0.1973850987933401,0.0
Baseline: home-win rate,2025-26,380,0.4263157894736842,1.08182086442183,0.6550418397968605,0.22775462161434287,0.0
Elo only (logistic regression),2025-26,380,0.46842105263157896,1.0519298273877609,0.6360608526254133,0.21745764117245742,0.0
Logistic regression,2025-26,380,0.4710526315789474,1.0462755078215098,0.6311570334873661,0.21456392270036578,0.5263157894736842
Random forest,2025-26,380,0.4763157894736842,1.0367132928778624,0.624162284316433,0.211665947948332,0.0
Gradient boosting,2025-26,380,0.4763157894736842,1.0566399408747589,0.6376552167290075,0.21687519683399517,0.2631578947368421
Poisson goals model,2025-26,380,0.4789473684210526,1.0360830408071222,0.6245859246964606,0.2122367825498212,0.0
Ensemble (LR + GB + Poisson),2025-26,380,0.48157894736842105,1.0440239611210467,0.6299335880999088,0.21413005093199794,0.0
"Bookmaker (Bet365, benchmark)",2025-26,380,0.48947368421052634,1.018547433594444,0.6115122077213379,0.20574653794193815,0.0
